SN,PN,NAME,VALUE,CREATETIME,Value length,PASS/FAIL_1,PASS/FAIL_2,PASS/FAIL_3,PASS/FAIL_4,"#????? ???500??? ????????????
# SN?????[100001~999999];
# PN???[AAA BBB]? 250?
# NAME???[AAA->CW BBB->CX]
# VALUE[AAA??21? BBB??17?]
# CREATETIME ????-????",??????,????,??????,????
681106,AAA,CW,49HV6R793EO4L6PRGKGG6,20220621,21,Pass,Pass,Pass,Pass,,?NAME??CW??VALUE=21;?NAME??CX??VALUE<21;?NAME??CX??VALUE>21,97.60%,100%,FALSE
585759,AAA,CW,K5027H8H0EM7NIHTIZA6N,20220518,21,Pass,Pass,Pass,Pass,,?NAME??CW??VALUE=21,50%,50%,TRUE
393387,AAA,CW,45MJ8CH59R4R26N0LBAVK,20220305,21,Pass,Pass,Pass,Pass,,?NAME??CW??VALUE=21;?NAME??CX??VALUE<21,97.60%,100%,FALSE
787948,AAA,CW,C9HHDQDONMSCWIM3K73AG,20210103,21,Pass,Pass,Pass,Pass,,?NAME??CW??VALUE=21;?NAME??CX??VALUE>21,49.20%,50%,FALSE
422437,AAA,CW,PMDXQN0W0JJZTP3OPXFAK,20200312,21,Pass,Pass,Pass,Pass,,?NAME???CW??VALUE=21;?NAME??CX??VALUE>21,49.20%,50%,FALSE
773524,AAA,CW,HD9D6RF39FA0FIW7E3JX5,20211001,21,Pass,Pass,Pass,Pass,,?NAME???CW??VALUE=21;?NAME??CX??VALUE>21,49.20%,50%,FALSE
687581,AAA,CW,NOPTXPGDPX4OCEXALVKR8,20211215,21,Pass,Pass,Pass,Pass,,?NAME???CW??VALUE=21;?NAME??CX??VALUE>21,49.20%,50%,FALSE
496428,AAA,CW,HCTRHTE0PU8CPB9UHEQWR,20210515,21,Pass,Pass,Pass,Pass,,?NAME???CW??VALUE=21,50%,50%,TRUE
130440,AAA,CW,B366RF1KP1BWNW13AFDEH,20201225,21,Pass,Pass,Pass,Pass,,?NAME???CW??VALUE=21,50%,50%,TRUE
511664,AAA,CW,6G9OZN3A06YNKYQND3BWT,20200508,21,Pass,Pass,Pass,Pass,,?NAME???CW??VALUE=21,50%,50%,TRUE
553201,AAA,CW,WSEA6NHVJSNCA78SG029D,20200519,21,Pass,Pass,Pass,Pass,,?NAME???CW??VALUE>21;?NAME???(CW)??VALUE<21,,,
521028,AAA,CW,05QY90EFX1E8WENSP4I1N,20221207,21,Pass,Pass,Pass,Pass,,,,,
780934,AAA,CW,IQLE02XOM241XUJSZW36T,20220901,21,Pass,Pass,Pass,Pass,,,,,
970645,AAA,CW,2PNQRVJJLLWT10AUAGRS4,20231024,21,Pass,Pass,Pass,Pass,,,,,
943313,AAA,CW,CERPS565NQMJR8TACBVTL,20200915,21,Pass,Pass,Pass,Pass,,,,,
665828,AAA,CW,M58V078FUN82IOHSH22KS,20220504,21,Pass,Pass,Pass,Pass,,,,,
485196,AAA,CW,GJ8QVHTSCP5LYNLL884TX,20230728,21,Pass,Pass,Pass,Pass,,,,,
772976,AAA,CW,CX11Y1XFGPM846XZEHP5C,20210410,21,Pass,Pass,Pass,Pass,,,,,
373543,AAA,CW,7HVPIDPHIW89LHP589D7Z,20230214,21,Pass,Pass,Pass,Pass,,,,,
440974,AAA,CW,O4CBOYSM777LYY8KIRZF1,20231222,21,Pass,Pass,Pass,Pass,,,,,
871215,AAA,CW,U159XAM9W9JO632KAIXX5,20221119,21,Pass,Pass,Pass,Pass,,,,,
515197,AAA,CW,GC7OS6QKPC2EAXMFV532C,20221027,21,Pass,Pass,Pass,Pass,,,,,
781693,AAA,CW,W3I6BIRSE475WPTQ6OL48,20230615,21,Pass,Pass,Pass,Pass,,,,,
355340,AAA,CW,3U1RUPUL4EF6F56G0AJ6N,20210918,21,Pass,Pass,Pass,Pass,,,,,
568157,AAA,CW,0ZJIC1NFDGMWNY577LHZE,20220530,21,Pass,Pass,Pass,Pass,,,,,
162509,AAA,CW,5OU9NPLO835RLCG1ST93C,20201018,21,Pass,Pass,Pass,Pass,,,,,
217717,AAA,CW,L7K18BOR53OE3AQJASV7O,20220919,21,Pass,Pass,Pass,Pass,,,,,
155713,AAA,CW,V6K8M431P8GIWIY2LYQK5,20210818,21,Pass,Pass,Pass,Pass,,,,,
106570,AAA,CW,T8OD6YNUQHQPLSKZSNZOO,20220229,21,Pass,Pass,Pass,Pass,,,,,
672867,AAA,CW,AMRDV1O8AWP9SQ1X26EQL,20220226,21,Pass,Pass,Pass,Pass,,,,,
895695,AAA,CW,QXCHA1VRRMH6XD33DJME5,20210210,21,Pass,Pass,Pass,Pass,,,,,
913612,AAA,CW,Y1W2B0PT9QI2SUHBZBZ8A,20231112,21,Pass,Pass,Pass,Pass,,,,,
882609,AAA,CW,UW1EQPWSOE8LR74ON67GF,20201112,21,Pass,Pass,Pass,Pass,,,,,
692798,AAA,CW,NW2Y2F73DEFKVYDONG0QB,20220221,21,Pass,Pass,Pass,Pass,,,,,
368345,AAA,CW,JZRXBURMKK0QJ8N1QGKCD,20221108,21,Pass,Pass,Pass,Pass,,,,,
880739,AAA,CW,YXXPNNVMM7BZ6GS5WHYH4,20220203,21,Pass,Pass,Pass,Pass,,,,,
833734,AAA,CW,1MN4TQDDSHS2V3OBA1KSU,20220622,21,Pass,Pass,Pass,Pass,,,,,
930490,AAA,CW,2QSQRI00FWJG7KPUMTRP5,20211103,21,Pass,Pass,Pass,Pass,,,,,
386101,AAA,CW,XB32TXJMCVJM8R0Z2DFQD,20231004,21,Pass,Pass,Pass,Pass,,,,,
267705,AAA,CW,N1NMVO1GFAYYIDVFEYX3M,20231102,21,Pass,Pass,Pass,Pass,,,,,
206286,AAA,CW,MG02AZDSM4QMND0S16WU2,20220304,21,Pass,Pass,Pass,Pass,,,,,
390477,AAA,CW,T4KMR7JCIA5F4IOEC5227,20220305,21,Pass,Pass,Pass,Pass,,,,,
600736,AAA,CW,U9KVXMKWJZVKMLDJUVRXX,20210517,21,Pass,Pass,Pass,Pass,,,,,
208619,AAA,CW,GW8ZYXY2G526E3Z1ZML9Z,20210713,21,Pass,Pass,Pass,Pass,,,,,
826907,AAA,CW,FXBKB8K1YZ3YDU95K1ZCL,20230927,21,Pass,Pass,Pass,Pass,,,,,
427746,AAA,CW,9JYP74AYS11MX6YTGWJCF,20210407,21,Pass,Pass,Pass,Pass,,,,,
245172,AAA,CW,IUE7AYM73GW3M2TGQII0N,20230301,21,Pass,Pass,Pass,Pass,,,,,
524601,AAA,CW,7GLOM0NPXM4OQNEY9ABCD,20220112,21,Pass,Pass,Pass,Pass,,,,,
584781,AAA,CW,QKZUC5HTDCIORV0U5WRJ8,20230624,21,Pass,Pass,Pass,Pass,,,,,
129466,AAA,CW,N16HMPX812ND3J2SM8H85,20210311,21,Pass,Pass,Pass,Pass,,,,,
875597,AAA,CW,YS7RPUK0JP9159QJ80FSR,20200405,21,Pass,Pass,Pass,Pass,,,,,
685325,AAA,CW,462IZRXDPP91PCZ68GBCL,20210806,21,Pass,Pass,Pass,Pass,,,,,
606096,AAA,CW,OIHG2VUTNA5IG15ZRYA4R,20231218,21,Pass,Pass,Pass,Pass,,,,,
280656,AAA,CW,37VMNJHHETJ11TYARQ526,20210612,21,Pass,Pass,Pass,Pass,,,,,
764629,AAA,CW,ISCKV1VMM0QNMUBLNZL9O,20200715,21,Pass,Pass,Pass,Pass,,,,,
635959,AAA,CW,HG77LV5TO2QSBTV8EKMKV,20201229,21,Pass,Pass,Pass,Pass,,,,,
385364,AAA,CW,8SD61Z6KAUF8W3I5M76GZ,20221015,21,Pass,Pass,Pass,Pass,,,,,
347353,AAA,CW,72AVA359ZY3LKTF280GTJ,20230508,21,Pass,Pass,Pass,Pass,,,,,
759810,AAA,CW,7V72VJ6ZDB73OKCPA2O3A,20201029,21,Pass,Pass,Pass,Pass,,,,,
756887,AAA,CW,YKQDN89JAVRG7AX3ACCEP,20220427,21,Pass,Pass,Pass,Pass,,,,,
777371,AAA,CW,S0IFCG1EAXL5CZCJW1QPR,20220811,21,Pass,Pass,Pass,Pass,,,,,
375344,AAA,CW,G4LGOF4PAVP4NCM0DOU5E,20200504,21,Pass,Pass,Pass,Pass,,,,,
832174,AAA,CW,NPDGMJP9ARNSVO9GWCGPX,20200203,21,Pass,Pass,Pass,Pass,,,,,
931703,AAA,CW,K8AMYQO7MNW4QWQ4EBS15,20201013,21,Pass,Pass,Pass,Pass,,,,,
867504,AAA,CW,N8AU720EL1WERL94JRI4C,20220920,21,Pass,Pass,Pass,Pass,,,,,
459070,AAA,CW,87HY1A82C644US6AHHWV8,20220220,21,Pass,Pass,Pass,Pass,,,,,
111977,AAA,CW,0V9UDG0LQQMMGDT14BLT8,20210509,21,Pass,Pass,Pass,Pass,,,,,
476341,AAA,CW,YDJR65JEMN0OV8OOGAWBS,20201220,21,Pass,Pass,Pass,Pass,,,,,
868650,AAA,CW,4VBL5M3JWY8RCJ6PTZ8GY,20210530,21,Pass,Pass,Pass,Pass,,,,,
833412,AAA,CW,63F5AFTEF1FXW8X59IWSX,20211111,21,Pass,Pass,Pass,Pass,,,,,
708752,AAA,CW,U3K7S081E137VYAGW8QC2,20210120,21,Pass,Pass,Pass,Pass,,,,,
479051,AAA,CW,YC9RMHI96SW82AEWSY1OX,20231116,21,Pass,Pass,Pass,Pass,,,,,
596631,AAA,CW,NCMOKXVZ1UEG6365IVGP1,20230212,21,Pass,Pass,Pass,Pass,,,,,
148979,AAA,CW,ZT0N5PBHGV4IPFCGKQSRS,20221103,21,Pass,Pass,Pass,Pass,,,,,
336129,AAA,CW,S92KOX6EQTPNXNI5E8VMU,20230126,21,Pass,Pass,Pass,Pass,,,,,
594694,AAA,CW,SX9NFCLZCS3S3GQW25L8P,20220804,21,Pass,Pass,Pass,Pass,,,,,
859974,AAA,CW,ERFN44HF7LCLG9R0806H5,20230912,21,Pass,Pass,Pass,Pass,,,,,
694267,AAA,CW,IOCYUZEXM9383N8DGU18Z,20210420,21,Pass,Pass,Pass,Pass,,,,,
197544,AAA,CW,G45H4SM8WKMC7UI0LLB9T,20210819,21,Pass,Pass,Pass,Pass,,,,,
132282,AAA,CW,78CFV8C3DDAKOXNVSLCR0,20201203,21,Pass,Pass,Pass,Pass,,,,,
791840,AAA,CW,1MPOANDVDFQAR0U4LDFLL,20221128,21,Pass,Pass,Pass,Pass,,,,,
969217,AAA,CW,412C1CDU0PRD8DS3YP556,20210419,21,Pass,Pass,Pass,Pass,,,,,
231577,AAA,CW,TGUY06FZU0DJ7AX6IG56C,20230229,21,Pass,Pass,Pass,Pass,,,,,
776159,AAA,CW,TM8DHGE3UC10XWACY3RLD,20211024,21,Pass,Pass,Pass,Pass,,,,,
303584,AAA,CW,M1O2BTU4SCY7RSSBPC6W9,20230621,21,Pass,Pass,Pass,Pass,,,,,
406554,AAA,CW,6CAXZ669D3CFQFQ8I1KBQ,20230420,21,Pass,Pass,Pass,Pass,,,,,
770277,AAA,CW,66DSYCC1LQ67G1RI11790,20200103,21,Pass,Pass,Pass,Pass,,,,,
234068,AAA,CW,MNENJ8OUGIC15RFPO8CAL,20201206,21,Pass,Pass,Pass,Pass,,,,,
569107,AAA,CW,WEEP8YOHZ3BZAX5B0P8GT,20210129,21,Pass,Pass,Pass,Pass,,,,,
746408,AAA,CW,TP8OSWB12XT8AT1YQU3SS,20221109,21,Pass,Pass,Pass,Pass,,,,,
447327,AAA,CW,M06WOKA7D4M4SHFPXVS0G,20220931,21,Pass,Pass,Pass,Pass,,,,,
108433,AAA,CW,6K4PZQLB7MTLUWXKKEYR2,20220911,21,Pass,Pass,Pass,Pass,,,,,
600567,AAA,CW,DF1GKWOQQKARFBNHZJ2GZ,20230609,21,Pass,Pass,Pass,Pass,,,,,
785698,AAA,CW,ADZ3CI3XQ36DK9JP103PW,20220525,21,Pass,Pass,Pass,Pass,,,,,
152448,AAA,CW,7KSWY1HQ4W4VCQUZ5UXQY,20210112,21,Pass,Pass,Pass,Pass,,,,,
698777,AAA,CW,AZKPLLQF0GG9XWBRBB3YZ,20211202,21,Pass,Pass,Pass,Pass,,,,,
873435,AAA,CW,2JMURZ8L01C9L7JOO1ATB,20230426,21,Pass,Pass,Pass,Pass,,,,,
360816,AAA,CW,0L57A06Q4L2DXOX9L9ACB,20200102,21,Pass,Pass,Pass,Pass,,,,,
472167,AAA,CW,KL6824R20HEL6Q5AVE2LZ,20231122,21,Pass,Pass,Pass,Pass,,,,,
641115,AAA,CW,NIUG9P0H7CLCC4RKZ2710,20210825,21,Pass,Pass,Pass,Pass,,,,,
393049,AAA,CW,BW6E7M9KQ7XH9EKA2VQKV,20200523,21,Pass,Pass,Pass,Pass,,,,,
267879,AAA,CW,GYSQY9W5OD8CSKWNA8L1A,20220919,21,Pass,Pass,Pass,Pass,,,,,
508712,AAA,CW,ZFGVOGPVW357RR1X41V1I,20220820,21,Pass,Pass,Pass,Pass,,,,,
665069,AAA,CW,WUP94ID7DHG0K8YAR7L3G,20230409,21,Pass,Pass,Pass,Pass,,,,,
445465,AAA,CW,GLCMBOHKO2P0QHEKVRHXS,20231216,21,Pass,Pass,Pass,Pass,,,,,
817140,AAA,CW,FWAFA4ES9TNZXQW9OD5HL,20220827,21,Pass,Pass,Pass,Pass,,,,,
458347,AAA,CW,M4W5XXIQQZIPXF2CQIOGT,20210223,21,Pass,Pass,Pass,Pass,,,,,
432196,AAA,CW,YFG4JZILTBYIT9BWH9VVF,20230424,21,Pass,Pass,Pass,Pass,,,,,
163236,AAA,CW,XO5ZD7KW8635FB93VGJQD,20230704,21,Pass,Pass,Pass,Pass,,,,,
468314,AAA,CW,Z8QZ9BZF22AYQU1APAOZ7,20220628,21,Pass,Pass,Pass,Pass,,,,,
482046,AAA,CW,NLVD7KJBN80JGZ1Z7YV4H,20220612,21,Pass,Pass,Pass,Pass,,,,,
513592,AAA,CW,SU3QPVF6W3QKREKOMY9F1,20221217,21,Pass,Pass,Pass,Pass,,,,,
110239,AAA,CW,0V2VHQ94NJ56JTC62IYG9,20200305,21,Pass,Pass,Pass,Pass,,,,,
111139,AAA,CW,03ZUXKNAOGW23X2AWQQTW,20230516,21,Pass,Pass,Pass,Pass,,,,,
146582,AAA,CW,UVAJN83PEGJPMO9S25DI7,20211001,21,Pass,Pass,Pass,Pass,,,,,
750438,AAA,CW,2E30KBOZF1AZOEY8GF1UP,20201006,21,Pass,Pass,Pass,Pass,,,,,
413500,AAA,CW,U73RRUGD3E6QLWGWQ80MK,20210411,21,Pass,Pass,Pass,Pass,,,,,
874712,AAA,CW,IKP5DT3CN4B4N6HVVZ1SO,20220624,21,Pass,Pass,Pass,Pass,,,,,
407706,AAA,CW,O8GH7Y16EWG2X5UFB5A25,20200814,21,Pass,Pass,Pass,Pass,,,,,
364949,AAA,CW,4WP4FCDLLUFHMB2QJ0L43,20210408,21,Pass,Pass,Pass,Pass,,,,,
390977,AAA,CW,MPGME04F9MIF4QAQURT80,20230511,21,Pass,Pass,Pass,Pass,,,,,
119023,AAA,CW,X4NNLTXLW74QPUJKUZZ5I,20230809,21,Pass,Pass,Pass,Pass,,,,,
931968,AAA,CW,OQXD8RPST6HWR6J8XWXV7,20231203,21,Pass,Pass,Pass,Pass,,,,,
552245,AAA,CW,TBXE3JGHFQ0FF40L8THHE,20201204,21,Pass,Pass,Pass,Pass,,,,,
844039,AAA,CW,VF6AYSCD2YBTTW5EMCITA,20201101,21,Pass,Pass,Pass,Pass,,,,,
968627,AAA,CW,G9JZG9BGW8H0JD0X0FPRR,20230707,21,Pass,Pass,Pass,Pass,,,,,
528190,AAA,CW,VS22OGXNMF6WCNB4ALXCH,20230415,21,Pass,Pass,Pass,Pass,,,,,
357644,AAA,CW,8AROZZFC0CGY677VI2J96,20210703,21,Pass,Pass,Pass,Pass,,,,,
195698,AAA,CW,TVQDD7ZCFQLFV5GSFYEY6,20220120,21,Pass,Pass,Pass,Pass,,,,,
592750,AAA,CW,H1LAPZOHE6Y5Q5HBB5EBN,20210716,21,Pass,Pass,Pass,Pass,,,,,
985629,AAA,CW,BK1EVZGWJ2PYK91VNCD28,20220929,21,Pass,Pass,Pass,Pass,,,,,
977047,AAA,CW,UCM8SZSJOAP7SQEI75LWJ,20231027,21,Pass,Pass,Pass,Pass,,,,,
322547,AAA,CW,Q5YXWN2J3YU9KHOOF7DNO,20230722,21,Pass,Pass,Pass,Pass,,,,,
937559,AAA,CW,BTWTZJY5E137IQ7J9LATX,20210227,21,Pass,Pass,Pass,Pass,,,,,
420232,AAA,CW,FJN0X5NRNKS3HP23FZ8JL,20220515,21,Pass,Pass,Pass,Pass,,,,,
635485,AAA,CW,G1YDVDDOGI8NVVKFT1KU5,20200609,21,Pass,Pass,Pass,Pass,,,,,
108701,AAA,CW,C52JLR1OVWXVSIBOD9WNW,20220615,21,Pass,Pass,Pass,Pass,,,,,
124699,AAA,CW,89NOBQFL0GJ0VOW92QQLB,20230224,21,Pass,Pass,Pass,Pass,,,,,
254936,AAA,CW,RN4FQE8WMICTJYRFF4GGY,20220210,21,Pass,Pass,Pass,Pass,,,,,
274001,AAA,CW,XDLCS6ZJR2R5KED8P4YJ3,20230914,21,Pass,Pass,Pass,Pass,,,,,
380069,AAA,CW,21FCIQCR6OYYN2SGNFUF8,20220822,21,Pass,Pass,Pass,Pass,,,,,
673525,AAA,CW,WLUICLBIWJC6WZYA6P3LS,20220815,21,Pass,Pass,Pass,Pass,,,,,
851746,AAA,CW,17AB0K1RAMYPUL5VGAIP7,20220609,21,Pass,Pass,Pass,Pass,,,,,
919170,AAA,CW,WY722JGLB2OALKJNP8IO5,20231010,21,Pass,Pass,Pass,Pass,,,,,
277010,AAA,CW,J6BIJVEN6IKJZ87H9ZJMG,20220124,21,Pass,Pass,Pass,Pass,,,,,
288793,AAA,CW,AGPF3E0N7WX4FTEDBLLLJ,20210703,21,Pass,Pass,Pass,Pass,,,,,
347833,AAA,CW,8SEKN06USTKOV915RFJD4,20210308,21,Pass,Pass,Pass,Pass,,,,,
681187,AAA,CW,ID5IN1OHP8ZWM13DZLPDJ,20200708,21,Pass,Pass,Pass,Pass,,,,,
791838,AAA,CW,BV0FDJ2BU471DGSHZYNBH,20230322,21,Pass,Pass,Pass,Pass,,,,,
417868,AAA,CW,SK2LDF2YSARN4E04MR14X,20230208,21,Pass,Pass,Pass,Pass,,,,,
201841,AAA,CW,5H4CVKKXCZ49BD4SUMVZQ,20200510,21,Pass,Pass,Pass,Pass,,,,,
433097,AAA,CW,HTE7BOYT1NWR66TBPK5FP,20210923,21,Pass,Pass,Pass,Pass,,,,,
505065,AAA,CW,YPAPIW80ZL1GXTIE91UY9,20210703,21,Pass,Pass,Pass,Pass,,,,,
109696,AAA,CW,9T4MKQ4VQBTPYR28XZF6T,20211106,21,Pass,Pass,Pass,Pass,,,,,
432308,AAA,CW,XGMV680D41SPSXO6V4040,20200306,21,Pass,Pass,Pass,Pass,,,,,
287501,AAA,CW,0QJN12M8IVW7RZRBMAFB2,20210816,21,Pass,Pass,Pass,Pass,,,,,
203753,AAA,CW,KW00AH3816IZADHVKJIMG,20230313,21,Pass,Pass,Pass,Pass,,,,,
384667,AAA,CW,4O42I60XEHH9DF2A2MMLW,20230303,21,Pass,Pass,Pass,Pass,,,,,
390273,AAA,CW,ZN3DCQ9LELTNDPH77S7HB,20220326,21,Pass,Pass,Pass,Pass,,,,,
764195,AAA,CW,RA621ONUI1YB8PE3EVJTI,20211115,21,Pass,Pass,Pass,Pass,,,,,
703207,AAA,CW,UFVC9U6H7WA7O08PQMDC0,20201209,21,Pass,Pass,Pass,Pass,,,,,
486077,AAA,CW,5L4H2N6VG2VHBB1UIP0KL,20230104,21,Pass,Pass,Pass,Pass,,,,,
694796,AAA,CW,92RU1ZX6DMMRKQIT0F0R4,20210521,21,Pass,Pass,Pass,Pass,,,,,
914281,AAA,CW,N762BFG0CAJKBDARNMHPZ,20200824,21,Pass,Pass,Pass,Pass,,,,,
843480,AAA,CW,K611KS9HY1C1DPVS3IB6J,20210302,21,Pass,Pass,Pass,Pass,,,,,
234055,AAA,CW,7VXGB2V5H73STOYY96JWY,20230620,21,Pass,Pass,Pass,Pass,,,,,
314350,AAA,CW,89NM3P0WGF8UN38ZOMAU9,20221020,21,Pass,Pass,Pass,Pass,,,,,
696387,AAA,CW,1X2ENZV47179RVOZVVEH6,20210425,21,Pass,Pass,Pass,Pass,,,,,
984447,AAA,CW,NH9HDN9NXO3GCE2BP4QMW,20230719,21,Pass,Pass,Pass,Pass,,,,,
548319,AAA,CW,THICXCQG822L7C503Q5YI,20210515,21,Pass,Pass,Pass,Pass,,,,,
507476,AAA,CW,7MVHWBWXYTA5VDDL6C1S1,20200227,21,Pass,Pass,Pass,Pass,,,,,
515128,AAA,CW,4DGWNTX4PC67WC9W87NW9,20210630,21,Pass,Pass,Pass,Pass,,,,,
876622,AAA,CW,BNL7LAVPWJRJNRHKF8MGS,20220407,21,Pass,Pass,Pass,Pass,,,,,
846261,AAA,CW,PBZHIBTMEORNZ2FJVIQSN,20200931,21,Pass,Pass,Pass,Pass,,,,,
483794,AAA,CW,6436JDNHUQT1ZLOKTPBN2,20221020,21,Pass,Pass,Pass,Pass,,,,,
415043,AAA,CW,YWVHY1VYNVYREK90TIVV8,20210326,21,Pass,Pass,Pass,Pass,,,,,
575963,AAA,CW,90G25GCVRDBMSGDL6EBCE,20210901,21,Pass,Pass,Pass,Pass,,,,,
123548,AAA,CW,MWG3XSWISFS2BU1YLHCGF,20231127,21,Pass,Pass,Pass,Pass,,,,,
720030,AAA,CW,UHQQRYKRHT8FTX70BRCTZ,20230125,21,Pass,Pass,Pass,Pass,,,,,
691340,AAA,CW,QZ93L262XSI4509AQC447,20200507,21,Pass,Pass,Pass,Pass,,,,,
435936,AAA,CW,NL99MLCXM70VRRO4UE5UQ,20230106,21,Pass,Pass,Pass,Pass,,,,,
216115,AAA,CW,IUYFO3TE8NT5KR6K6N8UQ,20210601,21,Pass,Pass,Pass,Pass,,,,,
861259,AAA,CW,KE24P8GCYDL3KYOC74G7R,20231019,21,Pass,Pass,Pass,Pass,,,,,
419347,AAA,CW,38LGV9K0KXBMDODBJ0IPM,20220423,21,Pass,Pass,Pass,Pass,,,,,
136835,AAA,CW,NS9QL0T7TRQIYPV9XL8LM,20210224,21,Pass,Pass,Pass,Pass,,,,,
349845,AAA,CW,JYG69EE4SQYJSNRXWGNUY,20200229,21,Pass,Pass,Pass,Pass,,,,,
182012,AAA,CW,YXRL43EMX7Z0U75VITAP9,20220112,21,Pass,Pass,Pass,Pass,,,,,
171007,AAA,CW,DEIMAKLRC3K2ZKPETFAVN,20220929,21,Pass,Pass,Pass,Pass,,,,,
332093,AAA,CW,RHQ84OW9WKD9NBDKDPYCQ,20200121,21,Pass,Pass,Pass,Pass,,,,,
298395,AAA,CW,WUN85WJS0MJEVYO3V9JD8,20200808,21,Pass,Pass,Pass,Pass,,,,,
590545,AAA,CW,4IYSAN7W0829OLM1C5643,20231224,21,Pass,Pass,Pass,Pass,,,,,
863950,AAA,CW,LHP3IV03QCLDUMJFSLASS,20200216,21,Pass,Pass,Pass,Pass,,,,,
278037,AAA,CW,P7BWI3XIXQZBUHQ2CICJY,20201017,21,Pass,Pass,Pass,Pass,,,,,
172309,AAA,CW,CA9GNCQ5IG1VVO53AHZ0J,20220417,21,Pass,Pass,Pass,Pass,,,,,
140199,AAA,CW,W2OKWXPEC1TTMSJF4CMD8,20200420,21,Pass,Pass,Pass,Pass,,,,,
825412,AAA,CW,22R18MJQX9RG3T5NV3NOM,20220901,21,Pass,Pass,Pass,Pass,,,,,
672743,AAA,CW,O2A56ZJXWPZDWMYVH672A,20220801,21,Pass,Pass,Pass,Pass,,,,,
278586,AAA,CW,C8Q0MBVVAENP3NW6NPT1I,20220411,21,Pass,Pass,Pass,Pass,,,,,
748413,AAA,CW,YWY1EO7AHNSB5UJ06UYK8,20210622,21,Pass,Pass,Pass,Pass,,,,,
629971,AAA,CW,IP27197RQIQXMOSVGGCGM,20201101,21,Pass,Pass,Pass,Pass,,,,,
263928,AAA,CW,UQ7IDS1XBBUVYX5VAY0NN,20221024,21,Pass,Pass,Pass,Pass,,,,,
686261,AAA,CW,QTAJY86VF07G8LGY5ZJXL,20200701,21,Pass,Pass,Pass,Pass,,,,,
825134,AAA,CW,GS2WYGWQSREY56V795OEV,20211206,21,Pass,Pass,Pass,Pass,,,,,
971918,AAA,CW,SRSYFXU19DJTKHLBFB2WR,20221017,21,Pass,Pass,Pass,Pass,,,,,
872268,AAA,CW,AIQ7LT7GIZ9NIURBCNYDV,20210621,21,Pass,Pass,Pass,Pass,,,,,
346891,AAA,CW,VPGCSP7R6DTJBFJBGEN5Z,20211012,21,Pass,Pass,Pass,Pass,,,,,
391209,AAA,CW,E8FQSLJU1H9O45ZHPWI3J,20230130,21,Pass,Pass,Pass,Pass,,,,,
259755,AAA,CW,ZKOPENG0MDRJL7Z2NYXMV,20200309,21,Pass,Pass,Pass,Pass,,,,,
355652,AAA,CW,92VDPOB5FF2X49AFURC7J,20201225,21,Pass,Pass,Pass,Pass,,,,,
868498,AAA,CW,NDJO9RMH6IGF3WDJ8X3I0,20201122,21,Pass,Pass,Pass,Pass,,,,,
463888,AAA,CW,Q84YXBALO8H5IMYF10HDX,20210116,21,Pass,Pass,Pass,Pass,,,,,
977347,AAA,CW,PB3VFTBSD01OW1Y6MMNSY,20220824,21,Pass,Pass,Pass,Pass,,,,,
355794,AAA,CW,QIM9CQT6TJM6024UHEJVF,20220318,21,Pass,Pass,Pass,Pass,,,,,
677548,AAA,CW,BMF66RB0R62K4SHC6AHY3,20230211,21,Pass,Pass,Pass,Pass,,,,,
490443,AAA,CW,77NQV11V5SDGBONIC7E3J,20230511,21,Pass,Pass,Pass,Pass,,,,,
628704,AAA,CW,T6N39BKPIMMIAHXF5D8SL,20200109,21,Pass,Pass,Pass,Pass,,,,,
613122,AAA,CW,YOYAE136WNMN7ZUMAJZQ6,20201005,21,Pass,Pass,Pass,Pass,,,,,
567756,AAA,CW,IEFXFZSP9H97VFOZ2947B,20210504,21,Pass,Pass,Pass,Pass,,,,,
290945,AAA,CW,ZJ3PQAO8MH9F5EJKTV1NH,20230817,21,Pass,Pass,Pass,Pass,,,,,
867494,AAA,CW,9ZQJA9UH8ZFC15GVNL9QB,20200118,21,Pass,Pass,Pass,Pass,,,,,
258079,AAA,CW,R0HL88OV7LSX9HSAZHSS7,20200731,21,Pass,Pass,Pass,Pass,,,,,
700112,AAA,CW,RHNGXV5S149J9ATN7UC64,20220114,21,Pass,Pass,Pass,Pass,,,,,
195571,AAA,CW,NR661E27HRZC5ML52DLAY,20220610,21,Pass,Pass,Pass,Pass,,,,,
632764,AAA,CW,7YLAWN24B83D1JXVOSVC1,20200613,21,Pass,Pass,Pass,Pass,,,,,
675091,AAA,CW,7I5LF1C267FZ6TMOE50AH,20211122,21,Pass,Pass,Pass,Pass,,,,,
512267,AAA,CW,RYZHM7T0MQ3AUJQ9J7NRF,20210804,21,Pass,Pass,Pass,Pass,,,,,
423697,AAA,CW,GZYSLBVQHMKLX8RRTPADS,20220318,21,Pass,Pass,Pass,Pass,,,,,
109665,AAA,CW,JYJDNI36SC4UB6IVN1BZX,20210921,21,Pass,Pass,Pass,Pass,,,,,
356557,AAA,CW,6J7I8UG3XKLY0I75MOONZ,20201102,21,Pass,Pass,Pass,Pass,,,,,
372890,AAA,CW,K250CG5V4LEES11V2I7G9,20210919,21,Pass,Pass,Pass,Pass,,,,,
535649,AAA,CW,W6H6ZHUIQKEJEER0H0GLG,20231116,21,Pass,Pass,Pass,Pass,,,,,
150365,AAA,CW,GWMG8OPH5Q60LSHSLZRZ8,20210227,21,Pass,Pass,Pass,Pass,,,,,
117160,AAA,CW,KCJ3DCFCAQM0TMD0X8S8Q,20200831,21,Pass,Pass,Pass,Pass,,,,,
992162,AAA,CW,0LRKO0FUABSNVOWAFY1II,20210327,21,Pass,Pass,Pass,Pass,,,,,
906389,AAA,CW,ZBFX3LLNI13S2O8C3UWD3,20220414,21,Pass,Pass,Pass,Pass,,,,,
756860,AAA,CW,T6QJTCXOYJ9B806ICP25S,20210611,21,Pass,Pass,Pass,Pass,,,,,
712345,AAA,CW,CF198564FHZ9WD9WN2753,20220704,21,Pass,Pass,Pass,Pass,,,,,
250142,AAA,CW,E8D7HCCMGXW0CJXRERWSR,20220622,21,Pass,Pass,Pass,Pass,,,,,
871348,AAA,CW,LKVN8BDYIPLM92JPEGHP3,20200511,21,Pass,Pass,Pass,Pass,,,,,
280075,AAA,CW,3FY61BBP3PHNS0GXU2CGX,20201016,21,Pass,Pass,Pass,Pass,,,,,
868566,AAA,CW,TT21WTFW0VFTM00HKV4BS,20210505,21,Pass,Pass,Pass,Pass,,,,,
415872,AAA,CW,27CWYAWV5N3D159OKY1IU,20211221,21,Pass,Pass,Pass,Pass,,,,,
790274,AAA,CW,P7GAUVZEJ73UGRD8NSAYQ,20200420,21,Pass,Pass,Pass,Pass,,,,,
600996,AAA,CW,PNN8128KV182NIPVI9G5Y,20220209,21,Pass,Pass,Pass,Pass,,,,,
919336,AAA,CW,7N931DWS1SOBUMZGBXSU4,20230510,21,Pass,Pass,Pass,Pass,,,,,
599603,AAA,CW,BJ4ZZZPCVB6GB3TF4Y9H7,20221015,21,Pass,Pass,Pass,Pass,,,,,
425968,AAA,CW,LXYMRH5YQG7ZLIP3WC9OZ,20210121,21,Pass,Pass,Pass,Pass,,,,,
172973,AAA,CW,FJGVFIHMBRPVOOOY166NQ,20211115,21,Pass,Pass,Pass,Pass,,,,,
663585,AAA,CW,F2X1MPXNM06BQIJH9SWNN,20200214,21,Pass,Pass,Pass,Pass,,,,,
247064,AAA,CW,N4KVCT7T6YAYOTRA5JGOX,20220521,21,Pass,Pass,Pass,Pass,,,,,
680750,BBB,CX,80FZR8UM9YCZ05WRN,20200909,17,Pass,Fail,Pass,Fail,,,,,
432884,BBB,CX,Z1393SW29LS8KA092,20210231,17,Pass,Fail,Pass,Fail,,,,,
934833,BBB,CX,0TNS10TXN1JDYYOJQ,20230330,17,Pass,Fail,Pass,Fail,,,,,
509379,BBB,CX,BF7NWEPY8QDAAUURZ,20230329,17,Pass,Fail,Pass,Fail,,,,,
813957,BBB,CX,U70ELDOWAR9KTHK0B,20220713,17,Pass,Fail,Pass,Fail,,,,,
419863,BBB,CX,S27BHJ1QGRTIJD7W2,20200924,17,Pass,Fail,Pass,Fail,,,,,
275132,BBB,CX,TSC766K7PEIZD7QAD,20220511,17,Pass,Fail,Pass,Fail,,,,,
229554,BBB,CX,VKJA5AYSWNNLG5L1M,20230631,17,Pass,Fail,Pass,Fail,,,,,
217608,BBB,CX,QRDQ8V5MFVXOOHE4F,20200116,17,Pass,Fail,Pass,Fail,,,,,
736920,BBB,CX,CQ59GKLQ3W1KUYM2I,20221213,17,Pass,Fail,Pass,Fail,,,,,
310194,BBB,CX,PM1HA1E8U2PLSS5RO,20231225,17,Pass,Fail,Pass,Fail,,,,,
600750,BBB,CX,HEF7M7EC1U18PM02Y,20201216,17,Pass,Fail,Pass,Fail,,,,,
830406,BBB,CX,RKNOROZO3YZG9UFG8,20210218,17,Pass,Fail,Pass,Fail,,,,,
481530,BBB,CX,ASPMYWQCQA5V7LLFS,20211218,17,Pass,Fail,Pass,Fail,,,,,
201012,BBB,CX,WYL5BI8MZL2B3AG1S,20231030,17,Pass,Fail,Pass,Fail,,,,,
468828,BBB,CX,WTCIYJNFOETQW0WKY,20230419,17,Pass,Fail,Pass,Fail,,,,,
497220,BBB,CX,HLLKQW4G7XZ0GJORI,20210828,17,Pass,Fail,Pass,Fail,,,,,
506834,BBB,CX,7O1NTTXHU1TY17CL8,20231225,17,Pass,Fail,Pass,Fail,,,,,
902037,BBB,CX,JZPA2PYN7TMXKUQ6F,20231025,17,Pass,Fail,Pass,Fail,,,,,
541254,BBB,CX,MZ18WVGU4RTOW4DEO,20200317,17,Pass,Fail,Pass,Fail,,,,,
354398,BBB,CX,FD900VF19IZ8URBE9,20230918,17,Pass,Fail,Pass,Fail,,,,,
137578,BBB,CX,XZMWTKMH27ZF4FBC7,20210728,17,Pass,Fail,Pass,Fail,,,,,
912204,BBB,CX,L38Y12MPXOLEVXF0U,20201202,17,Pass,Fail,Pass,Fail,,,,,
827647,BBB,CX,YT7SLU8PCR041JI2C,20200822,17,Pass,Fail,Pass,Fail,,,,,
238360,BBB,CX,RBV191OZAL34FE8IZ,20221012,17,Pass,Fail,Pass,Fail,,,,,
575649,BBB,CX,QZK8KZYK63R91DHNE,20210415,17,Pass,Fail,Pass,Fail,,,,,
965108,BBB,CX,84YEFHAXM9XGFFLVC,20200918,17,Pass,Fail,Pass,Fail,,,,,
256044,BBB,CX,7IQY52PXFL5EDKTXK,20200513,17,Pass,Fail,Pass,Fail,,,,,
350629,BBB,CX,X7XAXI11QL4KJRUIQ,20230304,17,Pass,Fail,Pass,Fail,,,,,
561080,BBB,CX,H08JKMD3XKUQ956XC,20220630,17,Pass,Fail,Pass,Fail,,,,,
941945,BBB,CX,PLQF6UIO88ILF3DE5,20210625,17,Pass,Fail,Pass,Fail,,,,,
382837,BBB,CX,M29A885UL00Q7ZO7V,20210607,17,Pass,Fail,Pass,Fail,,,,,
884677,BBB,CX,KSATQUXAJPK16CK4Z,20210112,17,Pass,Fail,Pass,Fail,,,,,
198090,BBB,CX,ENU5AIW58M698ASO9,20201014,17,Pass,Fail,Pass,Fail,,,,,
516883,BBB,CX,WIWSQZ4N4L79MIG0H,20220709,17,Pass,Fail,Pass,Fail,,,,,
196902,BBB,CX,YR1OU8JAHHHC6WM14,20200321,17,Pass,Fail,Pass,Fail,,,,,
215658,BBB,CX,WF0NGDEA84TEPZOB7,20210205,17,Pass,Fail,Pass,Fail,,,,,
841932,BBB,CX,TPMNTTBQ0IGDJZBVW,20201005,17,Pass,Fail,Pass,Fail,,,,,
206439,BBB,CX,52RK4CERU748LKVJ1,20211119,17,Pass,Fail,Pass,Fail,,,,,
616122,BBB,CX,7EREF2GCQAAECRCDL,20200716,17,Pass,Fail,Pass,Fail,,,,,
390794,BBB,CX,O6Z9PTIOC2DP8MCGY,20211104,17,Pass,Fail,Pass,Fail,,,,,
920623,BBB,CX,6UYX6HHM8N0T7BPCQ,20211220,17,Pass,Fail,Pass,Fail,,,,,
265598,BBB,CX,6YCVVKHWCRQRH422G,20220716,17,Pass,Fail,Pass,Fail,,,,,
704568,BBB,CX,T460K1BI2CXL76F0T,20201105,17,Pass,Fail,Pass,Fail,,,,,
933419,BBB,CX,JBNTKH11H8F9NRE3Z,20210931,17,Pass,Fail,Pass,Fail,,,,,
869896,BBB,CX,1XXZMENL6WCYAFU95,20200717,17,Pass,Fail,Pass,Fail,,,,,
617240,BBB,CX,APHKZWPMOLUCEA8QH,20201112,17,Pass,Fail,Pass,Fail,,,,,
777481,BBB,CX,NS6857JMZJ1DYYCL5,20230504,17,Pass,Fail,Pass,Fail,,,,,
692268,BBB,CX,O2Q75SAY8SA0CC7L9,20221103,17,Pass,Fail,Pass,Fail,,,,,
828395,BBB,CX,7CSJCY7GSA0JSMJLG,20211014,17,Pass,Fail,Pass,Fail,,,,,
925009,BBB,CX,R2YESI358JM2ZZ9EX,20210811,17,Pass,Fail,Pass,Fail,,,,,
183119,BBB,CX,EVNYITTCBTZJ33B77,20231222,17,Pass,Fail,Pass,Fail,,,,,
740663,BBB,CX,RJN7TW1MPI2D5RIHU,20220508,17,Pass,Fail,Pass,Fail,,,,,
349623,BBB,CX,GPMQ4PRLJ7WJ84Q96,20211229,17,Pass,Fail,Pass,Fail,,,,,
785185,BBB,CX,3I3L64MR7GVXSS864,20200620,17,Pass,Fail,Pass,Fail,,,,,
173228,BBB,CX,8LMTGF24ESX4YR7FA,20200615,17,Pass,Fail,Pass,Fail,,,,,
134508,BBB,CX,MSPATDZ6J93QS0I34,20230312,17,Pass,Fail,Pass,Fail,,,,,
203353,BBB,CX,YRGQL4463BJ3ZJQYR,20210821,17,Pass,Fail,Pass,Fail,,,,,
641829,BBB,CX,XHTAXWKOOAVYQ240L,20220503,17,Pass,Fail,Pass,Fail,,,,,
527832,BBB,CX,0QZ5DNXE6S5XXT9BA,20231019,17,Pass,Fail,Pass,Fail,,,,,
879399,BBB,CX,G8TH9U7JO1YRQAYAO,20230924,17,Pass,Fail,Pass,Fail,,,,,
926421,BBB,CX,6QTL910R1QIM90VDE,20220631,17,Pass,Fail,Pass,Fail,,,,,
852654,BBB,CX,YHKXU9202I80LZTPG,20200131,17,Pass,Fail,Pass,Fail,,,,,
949420,BBB,CX,4CUI8EZLV5IA1KUWS,20220816,17,Pass,Fail,Pass,Fail,,,,,
424785,BBB,CX,FVHHT1EX0LPOG6ITE,20230916,17,Pass,Fail,Pass,Fail,,,,,
519228,BBB,CX,W7YPEDWCA79MSFUL3,20230804,17,Pass,Fail,Pass,Fail,,,,,
625779,BBB,CX,ATOA24LO3IOFJCPTI,20201030,17,Pass,Fail,Pass,Fail,,,,,
711635,BBB,CX,RU294CUQR1ZL790OX,20220110,17,Pass,Fail,Pass,Fail,,,,,
898483,BBB,CX,NJZ1OWPNMPIH7BFEO,20201221,17,Pass,Fail,Pass,Fail,,,,,
940773,BBB,CX,HFI6DZK4GQHBIDOFL,20220910,17,Pass,Fail,Pass,Fail,,,,,
363273,BBB,CX,BU8NJWZZTBS2YQ32R,20201101,17,Pass,Fail,Pass,Fail,,,,,
968714,BBB,CX,TU0NP89AWCW0JJINL,20230920,17,Pass,Fail,Pass,Fail,,,,,
744235,BBB,CX,E4V8LADOBCYEOIUCZ,20201006,17,Pass,Fail,Pass,Fail,,,,,
711614,BBB,CX,JGWUZEK0HP2V9SWME,20220618,17,Pass,Fail,Pass,Fail,,,,,
722832,BBB,CX,DWVYSVOTJ1IAZGDXF,20230306,17,Pass,Fail,Pass,Fail,,,,,
216070,BBB,CX,7S4OPMNBP5DD8YERZ,20200328,17,Pass,Fail,Pass,Fail,,,,,
761257,BBB,CX,0NR2S1VMFULBORP4R,20210326,17,Pass,Fail,Pass,Fail,,,,,
103820,BBB,CX,9XQ2NSXJV6JF8EJDS,20210319,17,Pass,Fail,Pass,Fail,,,,,
904994,BBB,CX,EXWJFE8RHBBUP4A9G,20210211,17,Pass,Fail,Pass,Fail,,,,,
354205,BBB,CX,D3VQ8MSCTZ0Z8Z0DW,20211229,17,Pass,Fail,Pass,Fail,,,,,
745167,BBB,CX,643DA1VGEI9HLPTNQ,20230305,17,Pass,Fail,Pass,Fail,,,,,
867113,BBB,CX,9JPASY0HFYPFTJ01V,20200215,17,Pass,Fail,Pass,Fail,,,,,
280378,BBB,CX,7DDNB65DVU2WVUIIR,20230802,17,Pass,Fail,Pass,Fail,,,,,
891396,BBB,CX,UKNH6WPV0YHGO80DT,20210616,17,Pass,Fail,Pass,Fail,,,,,
850073,BBB,CX,KNBXZLEK8ZIFS7M5M,20210817,17,Pass,Fail,Pass,Fail,,,,,
194774,BBB,CX,FJH3SM6O7E7O76Q7M,20220928,17,Pass,Fail,Pass,Fail,,,,,
471088,BBB,CX,9GSCHNEG4E3IZKT09,20210103,17,Pass,Fail,Pass,Fail,,,,,
242858,BBB,CX,Y532EL8SDBDNX5T73,20230312,17,Pass,Fail,Pass,Fail,,,,,
204605,BBB,CX,1BPS38B85R7F3JDR3,20220709,17,Pass,Fail,Pass,Fail,,,,,
903968,BBB,CX,XB3M5H7ZSUMGVIB3J,20210313,17,Pass,Fail,Pass,Fail,,,,,
385900,BBB,CX,ULI0BZQT1Y92KLOXF,20220211,17,Pass,Fail,Pass,Fail,,,,,
296068,BBB,CX,FWTFLQ9SCFO44QYCZ,20210923,17,Pass,Fail,Pass,Fail,,,,,
379371,BBB,CX,50EDFTKCMS1J52P1B,20221207,17,Pass,Fail,Pass,Fail,,,,,
326187,BBB,CX,BG56O0BWXGGX5A078,20220410,17,Pass,Fail,Pass,Fail,,,,,
352363,BBB,CX,GDTPZXPPU00J4UA83,20230324,17,Pass,Fail,Pass,Fail,,,,,
952010,BBB,CX,2WQ1FO3TRWUIK8OFO,20220216,17,Pass,Fail,Pass,Fail,,,,,
584430,BBB,CX,EHX9R1X2RU2ZMZ2XW,20221227,17,Pass,Fail,Pass,Fail,,,,,
673387,BBB,CX,RR9W82LS1SEQT1FLW,20210817,17,Pass,Fail,Pass,Fail,,,,,
406222,BBB,CX,Z3C1LHGB8SSSHH87B,20230913,17,Pass,Fail,Pass,Fail,,,,,
235818,BBB,CX,WZ1A9FA9NG7PZOECC,20230609,17,Pass,Fail,Pass,Fail,,,,,
382063,BBB,CX,ISIBC1KZV2DAW0FIR,20210518,17,Pass,Fail,Pass,Fail,,,,,
750405,BBB,CX,0X1U9V1O3F30T9WCF,20231027,17,Pass,Fail,Pass,Fail,,,,,
599285,BBB,CX,7XRWY54RGXDYZPT4Y,20200525,17,Pass,Fail,Pass,Fail,,,,,
557501,BBB,CX,BXL6X0NBYMSNVI6GY,20201020,17,Pass,Fail,Pass,Fail,,,,,
625806,BBB,CX,TXBZZYNHGX5ZG3HUQ,20200522,17,Pass,Fail,Pass,Fail,,,,,
284066,BBB,CX,EUZ4OCJJ7CSRPWUQN,20220225,17,Pass,Fail,Pass,Fail,,,,,
360000,BBB,CX,DUK186WES5LTEL1ZV,20220113,17,Pass,Fail,Pass,Fail,,,,,
716228,BBB,CX,84P65ONLLSVW11YTJ,20210630,17,Pass,Fail,Pass,Fail,,,,,
415498,BBB,CX,WZ52RJ5DV51C66RVE,20210712,17,Pass,Fail,Pass,Fail,,,,,
208103,BBB,CX,L7ESEOL1VAGIQ8TE2,20200421,17,Pass,Fail,Pass,Fail,,,,,
529482,BBB,CX,CRGPP7MCHWAANQKPW,20220507,17,Pass,Fail,Pass,Fail,,,,,
260296,BBB,CX,GM0FWU7UMML0OUPEH,20210105,17,Pass,Fail,Pass,Fail,,,,,
655746,BBB,CX,5K4310V7R1EVJA4GE,20210812,17,Pass,Fail,Pass,Fail,,,,,
811170,BBB,CX,22Y6ZYO9ITZORV0LW,20221108,17,Pass,Fail,Pass,Fail,,,,,
668137,BBB,CX,M0IKUW5KG6WMJ65RL,20210803,17,Pass,Fail,Pass,Fail,,,,,
668878,BBB,CX,I0PTRYQZ7IKIU45GE,20201212,17,Pass,Fail,Pass,Fail,,,,,
779942,BBB,CX,0X5LB2TONZA5IJJZQ,20200815,17,Pass,Fail,Pass,Fail,,,,,
691393,BBB,CX,UJ5PCHX0Q9H8D8ZYF,20220415,17,Pass,Fail,Pass,Fail,,,,,
524277,BBB,CX,6JGVEZDXFFDYDMCCO,20210329,17,Pass,Fail,Pass,Fail,,,,,
284923,BBB,CX,9UAMIXE9W6FYPGXDG,20200522,17,Pass,Fail,Pass,Fail,,,,,
429115,BBB,CX,WV5EW7U9AB3OU7NJJ,20220306,17,Pass,Fail,Pass,Fail,,,,,
180346,BBB,CX,3ODW615P8RN9W3ZKM,20230722,17,Pass,Fail,Pass,Fail,,,,,
543230,BBB,CX,SX7XXL0A69Q54D3OB,20231202,17,Pass,Fail,Pass,Fail,,,,,
787886,BBB,CX,SGN0BXCFD2CI206X1,20220128,17,Pass,Fail,Pass,Fail,,,,,
160602,BBB,CX,K7JL3QTS38EJWACHT,20200823,17,Pass,Fail,Pass,Fail,,,,,
728296,BBB,CX,B0288ZHV1OLN5XA60,20230321,17,Pass,Fail,Pass,Fail,,,,,
561830,BBB,CX,4WQD1QB0Y3GW0Q7K5,20230630,17,Pass,Fail,Pass,Fail,,,,,
357283,BBB,CX,S7NP227YQPNDD1M35,20200314,17,Pass,Fail,Pass,Fail,,,,,
342923,BBB,CX,XNEJRLNZYEKFGAQ08,20220322,17,Pass,Fail,Pass,Fail,,,,,
461420,BBB,CX,4DKNHDMPC2VBG4NEV,20201125,17,Pass,Fail,Pass,Fail,,,,,
128909,BBB,CX,WRFMZB4SWXBH3YGQU,20201027,17,Pass,Fail,Pass,Fail,,,,,
427096,BBB,CX,S1N9VAK8VJP76ELVZ,20220112,17,Pass,Fail,Pass,Fail,,,,,
308089,BBB,CX,9FZ23Y6V02E3U0SBB,20201225,17,Pass,Fail,Pass,Fail,,,,,
141565,BBB,CX,Q24F5GVK44262HN5T,20220816,17,Pass,Fail,Pass,Fail,,,,,
693816,BBB,CX,0FJHLJND5M6EAVZET,20230918,17,Pass,Fail,Pass,Fail,,,,,
137044,BBB,CX,HF7YWJ0X26EUMI04L,20210915,17,Pass,Fail,Pass,Fail,,,,,
614241,BBB,CX,6AMOIO1EGP7IMTPH2,20221201,17,Pass,Fail,Pass,Fail,,,,,
749571,BBB,CX,L0C6YVBP1XMJFSJPO,20210713,17,Pass,Fail,Pass,Fail,,,,,
951494,BBB,CX,PIIPHBUE9X15G1A7V,20231022,17,Pass,Fail,Pass,Fail,,,,,
453119,BBB,CX,XKRSH8GU2YGX3Z1RE,20200418,17,Pass,Fail,Pass,Fail,,,,,
355413,BBB,CX,9YK4V4YNZ2NX6RP5Y,20230117,17,Pass,Fail,Pass,Fail,,,,,
353077,BBB,CX,QZGM4K317UD38VSOS,20220607,17,Pass,Fail,Pass,Fail,,,,,
399280,BBB,CX,DB6UO6X9TP4K4TNBV,20230627,17,Pass,Fail,Pass,Fail,,,,,
424032,BBB,CX,117YCP9WMFTOOLWFV,20201208,17,Pass,Fail,Pass,Fail,,,,,
206948,BBB,CX,2S3YAPBI7WIFBDC8T,20230922,17,Pass,Fail,Pass,Fail,,,,,
462105,BBB,CX,2QINRWCJLQ6OVIQQ9,20210627,17,Pass,Fail,Pass,Fail,,,,,
221580,BBB,CX,1QX4XSMKYBZBY2BA8,20230703,17,Pass,Fail,Pass,Fail,,,,,
975296,BBB,CX,DR8WUP3SVWKN5EVMH,20210608,17,Pass,Fail,Pass,Fail,,,,,
563201,BBB,CX,2PGF3TBQ9FGXD1HZD,20200905,17,Pass,Fail,Pass,Fail,,,,,
814413,BBB,CX,OL8SRF430W8RKX025,20220427,17,Pass,Fail,Pass,Fail,,,,,
353335,BBB,CX,GK2O225T18AVQU3IB,20221116,17,Pass,Fail,Pass,Fail,,,,,
233154,BBB,CX,WIA9S93RIKAS3H6SW,20230617,17,Pass,Fail,Pass,Fail,,,,,
515569,BBB,CX,ST0PO7LM74MFCYDMW,20200225,17,Pass,Fail,Pass,Fail,,,,,
179041,BBB,CX,KJIELGNJN77YI4NT4,20210514,17,Pass,Fail,Pass,Fail,,,,,
832817,BBB,CX,0Q3MI5V5M5PLPN7ZZ,20221220,17,Pass,Fail,Pass,Fail,,,,,
758669,BBB,CX,3GXAJ1C0OPI5PCUYH,20200702,17,Pass,Fail,Pass,Fail,,,,,
514292,BBB,CX,20QWRGCSDB50OAPQZ,20210301,17,Pass,Fail,Pass,Fail,,,,,
470587,BBB,CX,Z9LRVYJFBLW7UYDQ4,20210723,17,Pass,Fail,Pass,Fail,,,,,
180744,BBB,CX,H4FO9LL36TL97RZ6M,20200215,17,Pass,Fail,Pass,Fail,,,,,
714249,BBB,CX,QVZIT9BPIXQIJIBXE,20200409,17,Pass,Fail,Pass,Fail,,,,,
174957,BBB,CX,G63A1AF0TL1LPLX4W,20220801,17,Pass,Fail,Pass,Fail,,,,,
957856,BBB,CX,811OLKR5FUAEPRWCF,20220528,17,Pass,Fail,Pass,Fail,,,,,
861632,BBB,CX,FG6K05DSJ0GQGOXM4,20200905,17,Pass,Fail,Pass,Fail,,,,,
557300,BBB,CX,41ZUKROJOTPV5CNO9,20201218,17,Pass,Fail,Pass,Fail,,,,,
950052,BBB,CX,2PBE1DFBQCA6F08E4,20230919,17,Pass,Fail,Pass,Fail,,,,,
888049,BBB,CX,7QUITMQES5X38O481,20230617,17,Pass,Fail,Pass,Fail,,,,,
386853,BBB,CX,RYUWQYN5BYSHVWLHT,20221114,17,Pass,Fail,Pass,Fail,,,,,
376646,BBB,CX,PH9C11XLSI7WFWDZP,20221107,17,Pass,Fail,Pass,Fail,,,,,
818061,BBB,CX,V2R31S28L99VIT7UB,20210210,17,Pass,Fail,Pass,Fail,,,,,
344670,BBB,CX,GOBKI7LP7XB111PS2,20211130,17,Pass,Fail,Pass,Fail,,,,,
638429,BBB,CX,GR0CYZ4Y34H11MMNZ,20201020,17,Pass,Fail,Pass,Fail,,,,,
137850,BBB,CX,EW9EDS05U5Q7ABIRQ,20220504,17,Pass,Fail,Pass,Fail,,,,,
801993,BBB,CX,C4PS6T0IHBA4ST4K3,20231207,17,Pass,Fail,Pass,Fail,,,,,
134539,BBB,CX,X0E5CGLVMYZ405NHJ,20230916,17,Pass,Fail,Pass,Fail,,,,,
621071,BBB,CX,62NIC2NFEMNVL7KRT,20210805,17,Pass,Fail,Pass,Fail,,,,,
426433,BBB,CX,9NUVOWNNRMIAC2TMD,20200403,17,Pass,Fail,Pass,Fail,,,,,
952449,BBB,CX,USZD5XEV97AW77JX9,20230326,17,Pass,Fail,Pass,Fail,,,,,
580658,BBB,CX,7B7IWTT2LNA48AS9Y,20231207,17,Pass,Fail,Pass,Fail,,,,,
587673,BBB,CX,S38F7WH0RII2FQC51,20230415,17,Pass,Fail,Pass,Fail,,,,,
852269,BBB,CX,O9SGYVSA8DGVSRXJE,20200721,17,Pass,Fail,Pass,Fail,,,,,
435186,BBB,CX,3VHC6MQMKH9NAL9CS,20211007,17,Pass,Fail,Pass,Fail,,,,,
350228,BBB,CX,M1ZY8EC7X6QCYPRPT,20211021,17,Pass,Fail,Pass,Fail,,,,,
468788,BBB,CX,8P0ECAG7VD85U4H8F,20231208,17,Pass,Fail,Pass,Fail,,,,,
875006,BBB,CX,UZ05K7R4SW306CK0Q,20200310,17,Pass,Fail,Pass,Fail,,,,,
615910,BBB,CX,H0RETI19WYDAJBRBF,20220631,17,Pass,Fail,Pass,Fail,,,,,
132504,BBB,CX,1ZPXP1OSG9P9IHPHU,20211125,17,Pass,Fail,Pass,Fail,,,,,
360329,BBB,CX,GEFSNYVPD5DTEUMWV,20200225,17,Pass,Fail,Pass,Fail,,,,,
264034,BBB,CX,0S01RINM3ZWC67XD5,20200826,17,Pass,Fail,Pass,Fail,,,,,
552756,BBB,CX,GOYBRP102IRAR7O6Q,20220723,17,Pass,Fail,Pass,Fail,,,,,
336648,BBB,CX,7Z4R5143FJY4JDML5,20211029,17,Pass,Fail,Pass,Fail,,,,,
477928,BBB,CX,KXJCFRVTZICNW1E25,20230310,17,Pass,Fail,Pass,Fail,,,,,
145850,BBB,CX,LPRO099M48HXP9F6W,20231207,17,Pass,Fail,Pass,Fail,,,,,
661737,BBB,CX,N8GV6Z97DFO4ZKU6N,20231231,17,Pass,Fail,Pass,Fail,,,,,
697199,BBB,CX,7N94Q3PVPIR6UTEKW,20200131,17,Pass,Fail,Pass,Fail,,,,,
637995,BBB,CX,UKE2I9WK4QVMBIW31,20210131,17,Pass,Fail,Pass,Fail,,,,,
331023,BBB,CX,BLG8ZZKQF00ZG6VS7,20200910,17,Pass,Fail,Pass,Fail,,,,,
994094,BBB,CX,ZZ6VF1KJ6TJEI5BEZ,20210714,17,Pass,Fail,Pass,Fail,,,,,
929813,BBB,CX,PX51ZBUFZSMB3BF6R,20220318,17,Pass,Fail,Pass,Fail,,,,,
956739,BBB,CX,688W26MTMBPTVCST1,20220721,17,Pass,Fail,Pass,Fail,,,,,
494752,BBB,CX,PVBAG5WM2T0PVI762,20221009,17,Pass,Fail,Pass,Fail,,,,,
987005,BBB,CX,1DG4RLTTJVYXQ72SF,20200330,17,Pass,Fail,Pass,Fail,,,,,
154322,BBB,CX,CAM9FYEU9WX0FHQP6,20201022,17,Pass,Fail,Pass,Fail,,,,,
633850,BBB,CX,053ZTPZ28UP7WJFAN,20210213,17,Pass,Fail,Pass,Fail,,,,,
233593,BBB,CX,0FC3YJ7JJZFF0W4SD,20210110,17,Pass,Fail,Pass,Fail,,,,,
945397,BBB,CX,MSMUDXTUM8FVLAPJJ,20200122,17,Pass,Fail,Pass,Fail,,,,,
654687,BBB,CX,ORX8QQ9IVI1T3VEAA,20210516,17,Pass,Fail,Pass,Fail,,,,,
366369,BBB,CX,2M8YCSVBIAM76PZS4,20200810,17,Pass,Fail,Pass,Fail,,,,,
664733,BBB,CX,451JPDPEBG2OJ7U4A,20211114,17,Pass,Fail,Pass,Fail,,,,,
911026,BBB,CX,90WVAMP10LHRU1TOU,20210723,17,Pass,Fail,Pass,Fail,,,,,
999829,BBB,CX,IH7HF3O5YFWJRGQ1K,20230928,17,Pass,Fail,Pass,Fail,,,,,
594084,BBB,CX,3836GEZ40L8BR6QHQ,20201028,17,Pass,Fail,Pass,Fail,,,,,
494132,BBB,CX,U21DFZQEGD68V5ECJ,20220415,17,Pass,Fail,Pass,Fail,,,,,
766743,BBB,CX,75KFN2NQAFNSS63ZS,20200416,17,Pass,Fail,Pass,Fail,,,,,
116472,BBB,CX,OMY7CJLQVFOCLZ5RJ,20221225,17,Pass,Fail,Pass,Fail,,,,,
256494,BBB,CX,REPOLB9ZVQ4PEF4CX,20230721,17,Pass,Fail,Pass,Fail,,,,,
859064,BBB,CX,19MPOJ6W2JT5XFZGB,20210307,17,Pass,Fail,Pass,Fail,,,,,
983106,BBB,CX,5I7BBBKRBMBXCQZER,20220913,17,Pass,Fail,Pass,Fail,,,,,
584900,BBB,CX,33N3Z8XZONBN12GYC,20201127,17,Pass,Fail,Pass,Fail,,,,,
477422,BBB,CX,VJI9T8AOLQ4QZ2GT7,20201023,17,Pass,Fail,Pass,Fail,,,,,
342999,BBB,CX,QLWUKOOSDFPNSSDXC,20231131,17,Pass,Fail,Pass,Fail,,,,,
454345,BBB,CX,909W42SZWDJTSJEO1,20220807,17,Pass,Fail,Pass,Fail,,,,,
731703,BBB,CX,NSZ2AZK6S97OSM9I5,20230221,17,Pass,Fail,Pass,Fail,,,,,
893288,BBB,CX,M0PNTARSLD1847EZ3,20210123,17,Pass,Fail,Pass,Fail,,,,,
728343,BBB,CX,7DAR05XI1JPEEQODM,20210806,17,Pass,Fail,Pass,Fail,,,,,
722117,BBB,CX,RGWRM4UT3LDFRHDBM,20230514,17,Pass,Fail,Pass,Fail,,,,,
411407,BBB,CX,8S77T098U8OJN98O9,20230418,17,Pass,Fail,Pass,Fail,,,,,
705597,BBB,CX,SLHCY2MBTIHRJM6MD,20211111,17,Pass,Fail,Pass,Fail,,,,,
326429,BBB,CX,NX5WS1DSWD3D811AQ,20210201,17,Pass,Fail,Pass,Fail,,,,,
348071,BBB,CX,0OFG25KTH8RUVTMZU,20220727,17,Pass,Fail,Pass,Fail,,,,,
895849,BBB,CX,K1J74RLF077WML6SP,20220104,17,Pass,Fail,Pass,Fail,,,,,
286225,BBB,CX,9PAEC9QXPIZCHGHWN,20220528,17,Pass,Fail,Pass,Fail,,,,,
598156,BBB,CX,ZW6BAMXS8FKF9JL6E,20230528,17,Pass,Fail,Pass,Fail,,,,,
628787,BBB,CX,QHD458R6I024NB8H9,20200218,17,Pass,Fail,Pass,Fail,,,,,
771617,BBB,CX,WBYSON6ZRHK4F3TXS,20211111,17,Pass,Fail,Pass,Fail,,,,,
587834,BBB,CX,UVUZX4HIC6K1323UE,20210706,17,Pass,Fail,Pass,Fail,,,,,
942584,BBB,CX,G3FO8LIRXHU79FPAG,20210104,17,Pass,Fail,Pass,Fail,,,,,
186125,BBB,CX,99HXS54WYOL9R74WS,20230713,17,Pass,Fail,Pass,Fail,,,,,
988738,BBB,CX,3W7F3RNKOD7PR50YF,20200710,17,Pass,Fail,Pass,Fail,,,,,
447124,BBB,CX,S9MJR6ROAB8TFS35L,20220120,17,Pass,Fail,Pass,Fail,,,,,
356767,BBB,CX,HPYG5JZH6WRQGG35U,20230922,17,Pass,Fail,Pass,Fail,,,,,
742957,BBB,CX,TURCZDLIW1YHHL35M,20230816,17,Pass,Fail,Pass,Fail,,,,,
999916,BBB,CX,I5KVCTHUGPS5USZO8,20210528,17,Pass,Fail,Pass,Fail,,,,,
635705,BBB,CX,I80R8NKGX5DHUKUUI,20210502,17,Pass,Fail,Pass,Fail,,,,,
529712,BBB,CX,XLHH2V2XXIHIZLPJY,20230814,17,Pass,Fail,Pass,Fail,,,,,
712211,BBB,CX,GQ2MFYTEZPCFJU4S4,20201227,17,Pass,Fail,Pass,Fail,,,,,
650573,BBB,CX,BTV3J8UA1ID9HU08B,20220623,17,Pass,Fail,Pass,Fail,,,,,
102848,BBB,CX,82KLE561J1KN23GP4,20210115,17,Pass,Fail,Pass,Fail,,,,,
527868,BBB,CX,DHRLGAQFFCCG4G7EC,20200519,17,Pass,Fail,Pass,Fail,,,,,
941681,BBB,CX,DZJ2PDU2AOK7PSWM7,20200502,17,Pass,Fail,Pass,Fail,,,,,
104580,BBB,CX,4RQDUZLOZ6L6K3LH9,20200506,17,Pass,Fail,Pass,Fail,,,,,
